Component,Stylesheet,Component File,Type
EditableHierarchicalList,./Editable.css,Editable.js,CSS Import
Index,./index.css,index.js,CSS Import
L_1_HomePageContent,react-tabs/style/react-tabs.css,L_1_HomePage.js,CSS Import
L_1_HomePageContent,./L_1_HomePage.CSS/L_1_HomePage1.css,L_1_HomePage.js,CSS Import
L_1_HomePageContent,./L_1_HomePage.CSS/L_1_HomePage2.css,L_1_HomePage.js,CSS Import
L_1_HomePageContent,./L_1_HomePage.CSS/L_1_HomePage3.css,L_1_HomePage.js,CSS Import
L_1_HomePageContent,./L_1_HomePage.CSS/L_1_HomePage4.css,L_1_HomePage.js,CSS Import
L_1_HomePageContent,./L_1_HomePage.CSS/L_1_HomePage5.css,L_1_HomePage.js,CSS Import
L_1_HomePageContent,./L_1_HomePage.CSS/L_1_HomePage6.css,L_1_HomePage.js,CSS Import
L_1_HomePageContent,./L_1_HomePage.CSS/L_1_HomePage_AboutUs.css,L_1_HomePage.js,CSS Import
L_1_HomePageContent,./L_1_HomePage.CSS/L_1_HomePage_buttons.css,L_1_HomePage.js,CSS Import
L_1_HomePageContent,./L_1_HomePage.CSS/L_1_HomePage_monitoring.css,L_1_HomePage.js,CSS Import
L_1_HomePageContent,./L_1_HomePage.CSS/L_1_HomePage_selectors.css,L_1_HomePage.js,CSS Import
L_1_HomePageContent,./styles/neumorphic-tabs.css,L_1_HomePage.js,CSS Import
SpatialTransformComponent,./naturalmotion.css,naturalmotion.js,CSS Import
Popup,./Popup.css,Popup.js,CSS Import
PriceOptimizationConfig,./PriceOptimizationConfig.css,PriceOptimizationConfig.js,CSS Import
VersionSelector,./VersionSelector.css,VersionSelector.js,CSS Import
CalculationMonitor,./CalculationMonitor.css,components/CalculationMonitor.js,CSS Import
SensitivityAnalysis,./SensitivityAnalysis.css,components/SensitivityAnalysis.js,CSS Import
SensitivityIntegration,./SensitivityVisualization.css,components/SensitivityIntegration.js,CSS Import
Dialog,./SensitivitySelector.css,components/SensitivitySelector.js,CSS Import
TestingZone,./TestingZone.css,components/TestingZone.js,CSS Import
Card,../components/L_1_HomePage.CSS/L_1_HomePage4.css,extended_scaling/Card.js,CSS Import
Tooltip,../components/L_1_HomePage.CSS/L_1_HomePage4.css,extended_scaling/ExtendedScaling.js,CSS Import
ActionButtons,./ActionButtons.css,components/buttons/ActionButtons.js,CSS Import
CFAConsolidationUI,./CFAConsolidationUI.css,components/cfa/CFAConsolidationUI.js,CSS Import
IndividualResultsPanel,./ResultsPanel.css,components/cfa/IndividualResultsPanel.js,CSS Import
ProcessingPanel,./ProcessingPanel.css,components/cfa/ProcessingPanel.js,CSS Import
ResultsPanel,./ResultsPanel.css,components/cfa/ResultsPanel.js,CSS Import
SelectionPanel,./SelectionPanel.css,components/cfa/SelectionPanel.js,CSS Import
HeaderSection,./HeaderSection.css,components/layout/HeaderSection.js,CSS Import
AnalysisChart,./AnalysisChart.css,components/model/AnalysisChart.js,CSS Import
AnalysisVisualizationIntegration,./AnalysisVisualizationIntegration.css,components/model/AnalysisVisualizationIntegration.js,CSS Import
DecisionEngine,./DecisionEngine.css,components/model/DecisionEngine.js,CSS Import
FilterPopup,./FilterPopup.css,components/model/FilterPopup.js,CSS Import
ImpactAnalysis,./ImpactAnalysis.css,components/model/ImpactAnalysis.js,CSS Import
InheritanceControl,./InheritanceControl.css,components/model/InheritanceControl.js,CSS Import
ModelCard,./ModelCard.css,components/model/ModelCard.js,CSS Import
ModelZone,./ModelZone.css,components/model/ModelZone.js,CSS Import
ModelZone,./FilterPopup.css,components/model/ModelZone.js,CSS Import
NavigationManager,./NavigationManager.css,components/model/NavigationManager.js,CSS Import
OptimizationEngine,./OptimizationEngine.css,components/model/OptimizationEngine.js,CSS Import
OverlayController,./OverlayController.css,components/model/OverlayController.js,CSS Import
RiskAssessment,./RiskAssessment.css,components/model/RiskAssessment.js,CSS Import
SensitivityEngine,./SensitivityEngine.css,components/model/SensitivityEngine.js,CSS Import
Card,./styles/scaling.css,components/scaling/Card.js,CSS Import
MotionDraggableItem,./styles/scaling.css,components/scaling/MotionDraggableIte.js,CSS Import
MotionScalingSummary,./styles/scaling.css,components/scaling/MotionScalingSummary.js,CSS Import
MotionTooltip,./styles/scaling.css,components/scaling/MotionTooltip.js,CSS Import
ScalingTab,./styles/scaling.css,components/scaling/ScalingTab.js,CSS Import
VersionControl,./VersionControl.css,components/version/VersionControl.js,CSS Import
Animations,./base.css,components/scaling/styles/animations.css,CSS Import
Card,./base.css,components/scaling/styles/card.css,CSS Import
Card,./animations.css,components/scaling/styles/card.css,CSS Import
Draggable,./base.css,components/scaling/styles/draggable.css,CSS Import
Draggable,./animations.css,components/scaling/styles/draggable.css,CSS Import
Scaling,./base.css,components/scaling/styles/scaling.css,CSS Import
Scaling,./animations.css,components/scaling/styles/scaling.css,CSS Import
Scaling,./card.css,components/scaling/styles/scaling.css,CSS Import
Scaling,./draggable.css,components/scaling/styles/scaling.css,CSS Import
Scaling,./tooltip.css,components/scaling/styles/scaling.css,CSS Import
Tooltip,./base.css,components/scaling/styles/tooltip.css,CSS Import
Tooltip,./animations.css,components/scaling/styles/tooltip.css,CSS Import
