Component,Stylesheet,Type
Card.js,./L_1_HomePage4.css,CSS Import
ExtendedScaling.js,./L_1_HomePage4.css,CSS Import
index.js,./index.css,CSS Import
L_1_HomePage.js,react-tabs/style/react-tabs.css,CSS Import
L_1_HomePage.js,./L_1_HomePage1.css,CSS Import
L_1_HomePage.js,./L_1_HomePage2.css,CSS Import
L_1_HomePage.js,./L_1_HomePage3.css,CSS Import
L_1_HomePage.js,./L_1_HomePage4.css,CSS Import
L_1_HomePage.js,./L_1_HomePage5.css,CSS Import
L_1_HomePage.js,./L_1_HomePage6.css,CSS Import
naturalmotion.js,./naturalmotion.css,CSS Import
Popup.js,./Popup.css,CSS Import
ScalingSummary.js,./L_1_HomePage4.css,CSS Import
SensitivitySelector.js,./sensitivitySelector.css,CSS Import
VersionSelector.js,./VersionSelector.css,CSS Import
components\SensitivityAnalysis.js,./SensitivityAnalysis.css,CSS Import
components\TestingZone.js,./TestingZone.css,CSS Import
components\cfa\CFAConsolidationUI.js,./CFAConsolidationUI.css,CSS Import
components\cfa\IndividualResultsPanel.js,./ResultsPanel.css,CSS Import
components\cfa\ProcessingPanel.js,./ProcessingPanel.css,CSS Import
components\cfa\ResultsPanel.js,./ResultsPanel.css,CSS Import
components\cfa\SelectionPanel.js,./SelectionPanel.css,CSS Import
components\model\AnalysisChart.js,./AnalysisChart.css,CSS Import
components\model\AnalysisVisualizationIntegration.js,./AnalysisVisualizationIntegration.css,CSS Import
components\model\DecisionEngine.js,./DecisionEngine.css,CSS Import
components\model\FilterPopup.js,./FilterPopup.css,CSS Import
components\model\ImpactAnalysis.js,./ImpactAnalysis.css,CSS Import
components\model\InheritanceControl.js,./InheritanceControl.css,CSS Import
components\model\ModelCard.js,./ModelCard.css,CSS Import
components\model\ModelZone.js,./ModelZone.css,CSS Import
components\model\ModelZone.js,./FilterPopup.css,CSS Import
components\model\NavigationManager.js,./NavigationManager.css,CSS Import
components\model\OptimizationEngine.js,./OptimizationEngine.css,CSS Import
components\model\OverlayController.js,./OverlayController.css,CSS Import
components\model\RiskAssessment.js,./RiskAssessment.css,CSS Import
components\model\SensitivityEngine.js,./SensitivityEngine.css,CSS Import
components\version\VersionControl.js,./VersionControl.css,CSS Import
